[
 {
  "hid":1,
  "sid":"FFTHDLOptimizedExample_Streaming",
  "rsid":"FFTHDLOptimizedExample_Streaming",
  "esid":"",
  "parent":0,
  "children":[
   2
  ],
  "name":"FFTHDLOptimizedExample_Streaming",
  "fullname":"FFTHDLOptimizedExample_Streaming",
  "label":"FFTHDLOptimizedExample_Streaming",
  "className":"Simulink.BlockDiagram",
  "icon":"SimulinkModelIcon_icon",
  "svg":"",
  "thumbnail":"",
  "elements":[
  ],
  "sysViewURL":"",
  "sameAsElement":false
 },
 {
  "hid":2,
  "sid":"FFTHDLOptimizedExample_Streaming:6",
  "rsid":"FFTHDLOptimizedExample_Streaming:6",
  "esid":"FFTHDLOptimizedExample_Streaming:6",
  "parent":1,
  "children":[
  ],
  "name":"FFT Streaming",
  "fullname":"FFTHDLOptimizedExample_Streaming/FFT Streaming",
  "label":"FFT Streaming",
  "className":"Simulink.SubSystem",
  "icon":"SubSystemIcon_icon",
  "svg":"support/slwebview_files/FFTHDLOptimizedExample_Streaming_6_d.svg",
  "thumbnail":"support/slwebview_files/FFTHDLOptimizedExample_Streaming_6_d.png",
  "elements":[
   {
    "sid":"FFTHDLOptimizedExample_Streaming:7",
    "rsid":"FFTHDLOptimizedExample_Streaming:7",
    "name":"DataIn",
    "label":"DataIn",
    "className":"Simulink.Inport",
    "icon":"BlockIcon_icon"
   },
   {
    "sid":"FFTHDLOptimizedExample_Streaming:8",
    "rsid":"FFTHDLOptimizedExample_Streaming:8",
    "name":"ValidIn",
    "label":"ValidIn",
    "className":"Simulink.Inport",
    "icon":"BlockIcon_icon"
   },
   {
    "sid":"FFTHDLOptimizedExample_Streaming:1",
    "rsid":"FFTHDLOptimizedExample_Streaming:1",
    "name":"FFT",
    "label":"FFT",
    "className":"Simulink.MATLABSystem",
    "icon":"BlockIcon_icon"
   },
   {
    "sid":"FFTHDLOptimizedExample_Streaming:9",
    "rsid":"FFTHDLOptimizedExample_Streaming:9",
    "name":"DataOut",
    "label":"DataOut",
    "className":"Simulink.Outport",
    "icon":"BlockIcon_icon"
   },
   {
    "sid":"FFTHDLOptimizedExample_Streaming:36",
    "rsid":"FFTHDLOptimizedExample_Streaming:36",
    "name":"ValidOut",
    "label":"ValidOut",
    "className":"Simulink.Outport",
    "icon":"BlockIcon_icon"
   },
   {
    "sid":"FFTHDLOptimizedExample_Streaming:7#out:1;line",
    "rsid":"FFTHDLOptimizedExample_Streaming:7#out:1;line",
    "name":"",
    "label":"",
    "className":"Simulink.Line",
    "icon":"LineIcon_icon"
   },
   {
    "sid":"FFTHDLOptimizedExample_Streaming:8#out:1;line",
    "rsid":"FFTHDLOptimizedExample_Streaming:8#out:1;line",
    "name":"",
    "label":"",
    "className":"Simulink.Line",
    "icon":"LineIcon_icon"
   },
   {
    "sid":"FFTHDLOptimizedExample_Streaming:1#out:1;line",
    "rsid":"FFTHDLOptimizedExample_Streaming:1#out:1;line",
    "name":"",
    "label":"",
    "className":"Simulink.Line",
    "icon":"LineIcon_icon"
   },
   {
    "sid":"FFTHDLOptimizedExample_Streaming:1#out:2;line",
    "rsid":"FFTHDLOptimizedExample_Streaming:1#out:2;line",
    "name":"",
    "label":"",
    "className":"Simulink.Line",
    "icon":"LineIcon_icon"
   }
  ],
  "sysViewURL":"support/slwebview_files/FFTHDLOptimizedExample_Streaming_6_d.json",
  "sameAsElement":false
 }
]