{
 "version":3,
 "baseUrl":"support/slwebview_files",
 "homeHid":2,
 "sections":[
  {
   "hid":1,
   "sid":"FFTHDLOptimizedExample_Streaming",
   "name":"FFTHDLOptimizedExample_Streaming",
   "fullname":"FFTHDLOptimizedExample_Streaming",
   "label":"FFTHDLOptimizedExample_Streaming",
   "parent":0,
   "descendantIDs":[
    2
   ],
   "descendantsURL":"support/slwebview_files/FFTHDLOptimizedExample_Streaming_diagrams_1.json",
   "sysViewURL":"support/slwebview_files/FFTHDLOptimizedExample_Streaming_p.json"
  }
 ],
 "optViews":[
 ],
 "display":{
  "informer":false,
  "notes":false
 },
 "iconsUrl":"support/slwebview_files/icon.css"
}